J03191_at,338,198,197,365,195,73,64,130,96,269,20,133,90,135,878,223,365,367,181,305,219,28,20,20,113,122,274,176,237,155,20,51,309,112,106,196,309,20,126,30,112,121,320,20,47,105,721,1132,924,881,754,1029,739,154,73,416,605,458,120,306,237,353,580,375,246,257,292,259,263
U14968_at,1519,1253,1176,1028,895,939,949,316,97,521,375,282,708,485,1516,964,778,906,572,930,348,214,474,199,210,497,1735,1086,326,423,407,288,1234,964,1627,1630,917,199,753,311,248,57,367,121,238,180,1088,1139,1018,1722,1320,1827,1562,993,728,936,1120,1124,1179,1091,1147,883,1177,806,889,841,779,867,928
M93119_at,628,760,596,825,536,471,165,396,192,213,169,536,459,128,20,701,686,923,409,899,233,597,1000,174,201,686,126,582,534,481,133,116,124,554,1060,1142,577,773,332,47,42,20,20,35,20,20,20,20,20,20,20,20,20,20,20,20,20,68,20,20,138,20,20,20,20,20,20,20,20
D85815_at,175,155,155,136,155,134,143,337,377,344,333,334,260,304,292,254,224,190,197,267,260,297,285,265,249,190,253,247,274,263,244,277,232,273,229,203,226,216,248,380,359,373,316,382,349,382,214,204,216,198,183,147,216,237,230,171,199,163,191,174,170,161,174,182,177,223,213,228,216
D14043_at,165,166,100,117,142,100,27,61,49,24,20,20,42,41,48,49,219,135,89,35,83,22,51,29,33,69,33,123,62,74,37,74,75,60,46,43,42,62,23,24,101,77,147,49,25,78,216,314,286,213,251,255,212,145,352,149,274,239,231,252,247,330,261,195,213,224,150,163,233
D14662_at,243,228,185,238,173,138,279,52,52,113,143,57,37,98,132,112,196,151,170,73,125,104,91,105,65,153,110,191,135,203,86,102,215,41,187,134,177,116,172,42,202,179,222,136,85,505,281,197,340,312,329,292,306,434,373,582,395,366,537,327,445,579,431,198,309,249,294,285,356
X13546_rna1_at,960,734,966,912,820,946,845,385,435,603,205,548,585,503,521,386,615,550,662,471,696,479,333,246,290,817,299,717,807,312,409,437,1056,355,1107,904,841,843,1099,93,232,125,190,80,80,181,734,433,750,550,520,740,463,477,519,636,585,622,482,474,496,484,551,464,341,314,419,411,332
X15573_at,20,20,132,46,159,129,116,20,20,20,20,70,20,20,20,20,51,55,61,20,47,20,20,20,183,163,20,20,115,55,20,66,28,20,64,24,20,85,20,20,39,20,20,20,20,20,37,88,96,20,60,119,20,153,59,242,101,115,77,429,134,98,354,196,197,177,171,163,160
U33818_at,147,96,77,115,77,94,116,47,68,92,38,65,91,43,136,200,93,76,73,77,110,47,52,20,20,70,62,76,97,53,35,43,163,27,91,61,66,56,107,20,48,31,49,29,26,44,134,149,144,177,186,167,129,58,60,73,113,155,96,99,118,80,141,86,137,119,108,115,164
S79639_at,74,65,70,73,47,43,64,53,39,39,84,120,119,100,166,97,70,58,57,49,81,20,36,1089,20,75,119,80,45,69,20,20,72,38,42,57,100,42,28,20,42,20,43,29,20,29,38,36,61,114,62,109,237,107,142,108,99,143,111,118,141,54,121,44,58,53,63,55,56
U31383_at,194,135,42,198,63,88,103,20,20,20,20,20,20,20,51,20,101,61,31,20,21,20,30,20,20,38,20,80,20,65,20,20,99,27,108,41,41,26,20,41,91,29,99,63,25,60,232,206,139,222,184,190,246,143,222,207,326,261,125,209,234,282,337,259,274,287,280,228,277
M34057_at,115,96,105,84,150,71,280,134,117,68,57,137,74,99,181,82,122,126,210,67,151,71,64,85,61,90,71,157,89,116,20,112,59,75,91,100,100,116,109,99,88,104,108,86,115,139,1080,77,48,104,147,426,182,257,372,301,362,368,288,296,323,166,323,75,70,92,63,83,93
L19593_at,23,20,20,20,21,20,26,42,56,56,76,57,51,48,32,44,29,29,22,44,33,114,96,171,148,21,36,32,27,34,76,82,30,37,31,28,39,42,27,62,56,59,54,56,61,50,24,30,28,34,20,20,32,22,31,21,20,20,29,31,20,20,20,20,22,20,20,24,20
M37400_at,111,162,91,99,108,135,77,20,26,20,20,20,20,20,29,27,25,84,57,41,47,20,20,39,20,116,20,20,42,39,24,20,24,20,42,49,26,52,20,20,20,20,29,23,20,29,45,55,50,189,51,78,20,132,170,67,120,104,83,47,116,157,79,103,108,96,93,92,91
X12492_at,164,111,80,92,46,52,62,130,111,181,231,74,156,142,141,197,99,103,85,122,69,116,59,54,100,59,406,123,68,93,56,65,139,96,95,89,104,68,121,138,112,90,121,73,122,79,133,144,144,151,143,116,100,72,54,64,83,77,80,58,90,80,75,58,58,62,63,75,72
M31303_rna1_at,724,579,608,619,676,651,751,243,927,927,606,871,1066,568,466,746,472,581,604,908,699,964,732,830,1093,515,634,534,830,467,1106,842,573,576,696,791,631,819,751,183,250,225,265,167,93,267,452,275,395,508,515,404,187,263,226,288,428,608,381,193,329,226,287,301,343,277,256,271,228
X60655_at,58,40,39,41,36,40,35,80,86,127,121,82,74,69,67,77,50,50,44,70,51,69,71,135,63,45,97,68,64,71,26,114,72,59,70,70,68,51,60,83,76,80,82,68,75,81,25,58,57,44,49,33,70,37,41,36,40,38,36,44,39,39,39,37,36,36,41,53,46
M62302_at,36,34,65,82,54,103,20,20,20,20,28,22,20,49,20,20,20,107,34,69,20,20,20,20,20,37,20,20,20,20,20,20,21,20,122,34,20,43,20,81,138,97,152,202,120,127,83,20,20,20,20,20,20,747,502,523,34,47,699,29,453,237,142,320,343,359,374,378,341
M88108_at,588,516,653,522,503,632,565,253,192,271,173,326,354,332,373,631,401,437,353,505,398,444,375,268,356,447,200,311,515,304,306,346,572,218,480,359,357,463,341,88,98,99,163,92,63,106,466,441,395,511,418,554,236,305,304,387,502,658,393,244,388,245,330,259,212,200,231,234,190
L36818_at,105,60,25,55,40,34,61,32,20,31,20,20,20,20,109,30,95,48,54,24,52,22,33,20,30,59,27,69,36,72,20,54,102,45,90,64,63,59,35,46,84,64,72,65,85,97,151,116,142,256,143,180,166,167,142,165,188,209,191,138,217,141,170,221,240,199,243,237,209
M31520_rna1_s_at,1184,861,549,805,506,533,535,310,138,561,349,252,529,371,412,812,454,449,293,412,167,220,406,57,104,286,1131,622,113,220,137,109,579,758,839,895,390,124,373,147,127,77,133,68,94,88,653,481,536,761,397,783,593,580,667,578,783,897,696,620,536,518,681,507,570,545,483,405,607
U30521_at,1274,1308,1393,1075,1284,1341,1222,849,1414,348,353,1080,878,676,362,1073,851,1003,1137,1025,1224,1104,683,470,1005,1040,468,836,966,605,1352,1281,687,626,810,1330,1082,1614,1094,282,147,22,159,131,45,139,538,97,222,651,1245,894,716,132,159,412,614,694,454,504,561,71,498,139,173,92,116,304,50
X00371_rna1_at,29,20,20,28,33,41,22,39,42,41,44,53,32,64,46,38,39,37,43,34,39,51,42,20,20,48,26,52,44,40,26,47,42,64,59,40,42,44,37,69,61,74,60,70,66,69,39,26,36,33,27,40,35,41,37,32,20,22,35,31,20,32,26,32,35,43,31,33,39
L39064_rna1_at,140,130,124,97,122,111,146,226,259,247,172,250,159,216,166,191,144,143,188,189,187,199,186,192,186,168,244,170,205,183,149,155,178,172,160,148,152,224,175,255,188,221,179,200,243,205,133,140,135,118,179,141,152,95,108,101,113,107,110,90,110,109,92,103,97,109,109,117,89
U23143_at,152,127,140,153,75,90,41,86,24,102,98,38,48,95,73,276,118,107,104,94,93,97,66,40,51,87,171,94,72,59,50,46,171,96,88,156,175,73,99,111,87,64,108,98,71,58,95,101,83,85,85,90,88,81,39,192,65,79,63,66,58,50,150,56,56,58,55,60,48
X04828_at,35,23,59,126,20,118,20,29,103,20,20,20,20,20,68,20,125,54,20,20,55,20,20,20,20,22,20,20,34,21,20,29,44,20,73,20,20,59,20,20,236,324,274,31,33,185,287,127,146,30,225,197,609,291,167,494,135,135,120,273,412,304,454,387,430,351,397,394,375
X73608_at,62,237,108,52,213,123,41,73,82,69,75,162,80,497,66,122,106,65,476,139,299,68,69,211,100,417,84,93,728,71,90,248,123,66,188,130,79,127,41,58,82,155,105,328,222,150,39,46,31,36,36,36,59,36,39,37,52,63,32,29,46,35,32,230,282,289,306,241,242
U49973_xpt2_at,58,74,71,43,65,71,78,93,85,63,40,70,107,130,60,124,52,46,87,106,100,114,51,54,139,80,85,76,86,84,71,130,53,86,82,81,57,120,66,44,33,22,32,53,48,40,33,23,22,45,34,24,22,75,74,40,53,48,81,26,51,29,32,43,42,51,49,50,43
U48408_at,138,111,97,119,121,128,121,208,191,202,222,215,197,180,151,181,165,148,157,171,167,179,273,213,262,152,183,199,163,98,337,307,195,164,147,123,156,168,193,215,207,205,208,177,195,203,120,165,157,100,135,89,132,96,114,110,112,92,87,106,105,108,98,98,93,110,95,127,98
HG3255-HT3432_at,49,33,27,28,37,30,44,71,87,79,46,61,119,47,55,65,62,46,50,74,56,77,73,80,73,48,67,55,76,60,70,60,66,84,61,53,58,62,74,65,77,70,67,67,71,69,44,50,52,36,46,28,56,35,35,29,34,30,38,31,32,31,31,35,32,54,31,40,34
M20137_at,117,75,68,101,83,24,99,143,93,165,121,149,102,105,123,160,112,86,121,80,114,97,117,86,106,140,147,148,113,133,139,98,132,83,126,88,102,117,113,209,189,198,188,172,176,172,117,124,90,128,108,109,84,163,108,128,98,92,142,56,149,118,95,107,95,118,111,101,121
D86985_at,89,116,206,147,196,190,181,33,123,25,31,73,59,42,74,67,60,55,75,90,104,82,52,94,105,135,38,43,140,85,131,183,71,22,79,63,60,141,113,37,48,30,37,59,29,39,45,54,20,65,39,86,54,171,213,160,145,172,103,137,134,134,134,249,265,236,247,201,193
U32331_at,46,146,62,23,28,30,20,22,33,34,20,20,20,21,26,20,22,20,20,20,20,20,43,20,20,20,20,20,20,20,53,77,24,43,34,22,20,32,20,20,25,32,47,58,20,20,20,26,20,20,20,24,20,106,78,117,109,61,66,123,375,237,231,202,256,257,248,223,246
M14091_at,48,28,42,31,39,37,44,49,55,66,82,58,56,73,42,63,44,40,51,51,55,36,44,90,51,54,66,65,55,61,37,52,69,84,60,57,50,52,57,56,56,46,45,52,52,67,42,44,58,42,44,30,34,28,28,23,32,27,29,27,30,24,21,27,24,29,25,30,24
X60188_at,27,45,95,109,83,131,86,20,20,20,20,20,20,20,20,20,31,25,38,20,20,20,20,20,20,80,20,20,28,20,20,20,71,20,44,20,20,55,20,20,20,20,20,20,20,22,28,20,39,20,20,73,20,27,46,175,69,93,25,98,91,165,121,135,155,157,142,160,143
J04088_at,118,108,62,156,107,128,85,176,163,104,87,89,77,141,102,150,170,134,138,121,220,178,98,101,69,191,93,147,217,136,34,62,268,85,135,156,225,126,131,52,116,47,103,61,51,46,173,109,149,79,167,73,47,29,20,50,57,99,35,39,45,23,59,21,20,21,21,20,20
U48705_rna1_s_at,188,131,156,198,193,171,142,67,167,41,22,62,20,20,271,98,138,121,51,197,160,88,109,20,79,74,37,35,101,112,171,218,100,101,188,132,95,169,124,321,581,481,438,493,656,270,292,336,41,94,79,245,50,710,885,580,403,504,441,579,935,876,498,932,992,843,859,858,826
U79271_at,131,203,297,123,159,244,168,49,64,61,72,37,32,113,34,205,63,84,180,204,82,67,82,63,62,174,88,83,105,36,22,285,148,56,106,97,90,230,30,22,43,20,20,27,20,25,20,20,20,20,20,20,20,79,76,109,81,71,142,52,86,105,78,96,149,95,98,77,100
AB000381_s_at,20,20,20,20,20,20,20,43,48,45,52,34,37,44,33,36,23,20,20,32,26,38,20,29,22,20,43,29,42,23,43,40,28,33,25,20,22,31,29,31,30,32,30,36,34,33,20,21,20,20,20,20,20,20,20,20,20,20,20,20,20,20,20,20,20,20,32,20,20
D87077_at,56,113,120,83,200,121,94,20,37,20,20,25,20,20,20,23,53,34,87,21,41,23,37,20,105,86,20,31,65,34,41,26,32,20,72,46,49,91,52,21,20,20,20,20,20,20,20,20,20,21,24,22,20,60,99,66,75,54,68,68,73,91,57,67,66,65,51,66,63
U79248_at,47,60,66,53,61,62,50,47,54,32,38,21,39,50,27,59,43,56,56,46,53,42,71,73,31,67,32,41,50,46,49,53,34,41,58,58,55,49,76,34,36,21,26,27,46,36,22,20,20,20,20,20,28,25,37,30,24,34,38,37,32,26,26,38,31,35,38,36,33
U62531_at,20,20,183,46,66,20,355,20,81,20,38,32,206,415,123,23,27,28,341,20,42,191,20,20,20,152,30,29,20,60,20,114,236,20,39,20,39,20,69,20,20,20,20,20,20,20,104,49,75,63,74,132,20,47,67,108,111,93,38,96,64,120,72,20,25,20,20,20,20
M65254_at,146,170,124,135,133,120,163,294,244,237,206,300,248,215,161,251,167,183,163,212,241,210,178,221,205,173,227,170,239,262,207,259,135,197,128,233,168,189,167,320,231,172,216,174,200,169,130,189,153,102,95,73,136,33,58,30,107,97,37,20,74,90,73,150,120,100,136,88,107
V00599_s_at,1883,1441,1474,1872,1391,1572,1337,2605,1964,2363,1590,2064,1572,1581,2262,3008,1505,1341,1897,3658,1694,2392,2657,1446,1171,1849,2549,2033,1976,1031,1021,1395,2190,1794,1980,2961,1584,1858,1958,893,820,334,923,660,439,356,1696,1163,1520,1681,1929,2183,651,517,259,1032,1116,1486,886,1035,1322,928,1029,508,470,528,704,611,563
U67674_at,55,68,53,58,54,70,78,106,84,131,153,151,155,114,89,83,63,83,89,180,75,181,356,624,908,74,110,111,95,102,355,480,66,110,93,70,73,85,88,114,120,122,117,116,131,126,49,59,54,107,56,50,84,76,85,58,66,50,95,101,56,41,42,45,42,45,36,55,44
U07802_at,72,62,46,66,61,33,39,65,94,44,61,27,80,31,251,36,112,62,38,52,69,63,20,20,31,41,75,50,80,77,20,20,154,57,81,51,43,36,40,66,145,147,138,106,71,147,247,111,96,155,58,190,265,224,170,207,205,251,304,168,238,266,308,331,275,283,322,278,434
U45955_at,54,154,133,148,65,122,20,20,103,82,20,24,52,28,44,46,97,26,27,223,96,36,68,20,20,20,63,60,41,20,20,21,66,40,310,20,20,43,20,400,486,589,708,600,726,681,254,305,83,20,20,56,22,726,960,876,202,175,789,353,815,982,633,777,931,1026,889,792,929
M34458_rna1_s_at,148,126,287,192,217,181,152,142,66,123,212,159,81,141,106,98,102,157,201,149,122,213,119,167,116,191,151,84,139,83,161,135,230,80,62,150,150,87,127,31,46,20,87,38,29,21,176,104,216,123,197,124,41,22,20,46,127,189,39,24,55,20,71,36,22,31,33,28,20
L06132_at,437,419,325,474,517,366,359,137,213,191,181,147,250,154,286,205,299,412,372,246,230,200,181,105,179,303,234,285,231,193,177,166,419,116,329,288,334,127,334,162,190,193,258,173,120,189,401,497,472,560,569,577,577,299,339,400,431,459,296,320,389,463,400,512,467,433,467,354,402
M36067_at,71,108,106,117,154,116,140,55,76,102,48,122,81,87,71,89,70,113,77,88,101,114,126,42,100,106,89,89,57,56,64,84,51,50,44,60,127,49,85,35,42,20,60,20,21,39,59,34,73,116,61,93,32,35,100,59,91,130,58,54,63,44,65,20,20,23,20,23,20
X92715_at,325,294,346,236,314,276,251,445,498,421,429,438,433,492,319,488,336,377,416,495,432,584,2406,2269,2562,380,425,445,462,462,3064,1736,345,434,1215,363,385,479,360,520,422,494,424,459,453,464,273,252,240,292,303,260,265,291,298,246,238,238,283,279,267,273,183,237,268,268,234,275,229
L25270_at,22,21,22,21,25,21,26,53,30,41,46,20,42,46,32,31,25,26,33,45,41,42,45,35,49,36,27,35,40,38,49,44,36,49,39,32,27,47,39,52,49,52,48,55,52,44,29,36,36,29,29,24,25,31,23,20,23,20,27,20,23,20,20,20,20,23,20,24,20
U79245_at,639,375,288,317,301,257,360,913,796,1019,1042,729,679,967,620,1319,427,430,402,811,612,637,999,2079,329,421,701,527,520,380,1464,386,633,465,490,618,608,305,501,514,383,367,451,397,462,341,539,535,489,658,532,575,375,230,130,183,267,268,240,180,340,244,259,196,189,214,190,250,205
D25304_at,270,250,140,167,141,120,110,77,56,109,76,26,20,27,62,87,212,197,120,66,85,35,66,20,20,111,205,233,84,136,47,22,176,214,191,180,153,98,163,149,235,185,296,214,165,299,569,165,178,180,209,241,243,136,159,203,162,176,200,147,321,382,288,686,766,656,799,641,737
L43338_at,37,38,38,34,29,26,40,81,55,51,57,69,27,64,34,46,41,43,33,35,41,54,36,20,55,35,20,30,29,62,20,52,22,35,37,32,47,43,39,71,62,77,57,76,65,71,21,33,24,27,25,20,25,32,39,32,30,31,32,28,33,28,25,27,28,39,27,38,36
M73047_at,74,71,47,71,23,69,32,36,35,60,40,22,21,42,42,69,45,78,34,85,36,27,39,20,46,40,20,37,37,29,20,28,43,37,44,47,51,34,21,20,20,20,20,23,20,20,27,20,26,68,23,42,62,21,22,25,41,43,50,26,46,31,50,50,56,56,50,48,52
U16954_at,931,845,1107,1187,969,1172,1010,588,928,469,579,1237,812,649,70,1032,880,984,1159,1108,740,1443,808,945,861,981,378,626,1102,387,682,747,407,699,874,872,848,1069,786,337,276,169,309,486,177,222,607,108,211,455,261,54,71,75,46,114,191,434,155,176,323,49,320,335,352,329,313,287,269
L08895_at,43,47,20,45,20,25,20,20,24,20,20,20,20,20,20,20,81,20,20,20,20,20,20,20,20,20,34,20,20,20,20,20,20,20,20,20,20,59,20,25,41,20,53,36,20,73,87,20,20,20,20,45,86,104,104,80,33,42,75,67,73,38,193,113,108,119,123,118,122
X58723_at,49,59,55,42,52,52,71,112,96,128,162,90,187,140,104,103,67,71,91,165,88,150,34,65,47,56,97,102,102,82,310,491,57,131,103,75,73,76,90,90,97,100,97,92,97,102,43,49,40,71,60,44,76,91,78,48,57,47,91,86,42,37,36,47,42,44,46,55,50
X67155_at,110,98,90,112,99,109,118,185,135,221,160,131,113,143,160,166,110,127,132,100,131,143,88,96,57,117,112,176,156,131,67,66,118,147,144,128,177,134,129,130,113,129,123,115,127,118,137,115,124,148,145,131,132,121,91,87,119,125,132,76,92,65,88,76,69,76,77,79,67
S79873_s_at,132,129,198,164,143,199,130,42,37,35,20,37,26,41,77,77,112,94,116,53,54,37,67,60,46,100,38,91,102,117,36,79,101,60,91,73,88,128,67,81,143,186,149,166,20,151,160,112,137,94,94,148,102,252,258,233,172,163,220,199,249,184,205,295,316,277,253,241,303
U79287_at,531,533,682,509,700,685,503,243,454,423,168,506,531,543,580,443,246,532,484,585,421,732,342,306,290,518,576,361,385,217,256,274,254,254,288,558,465,345,268,102,69,46,164,52,38,70,455,212,291,440,433,450,152,509,496,552,643,663,550,313,431,503,301,296,341,263,284,311,290
U52828_s_at,393,546,444,431,221,299,366,75,127,129,35,86,70,98,45,243,200,198,296,176,312,170,60,80,69,357,88,129,91,323,157,57,25,173,177,176,204,274,151,203,106,957,165,381,200,369,20,20,20,20,20,20,20,423,244,361,31,151,467,20,544,288,204,708,833,657,846,737,797
L23333_s_at,412,280,192,193,155,178,192,173,146,233,121,165,87,67,115,136,215,271,147,140,108,94,106,161,86,175,641,297,152,183,97,65,265,209,289,278,199,149,180,199,158,134,172,142,187,165,226,291,294,279,302,284,312,155,113,152,227,242,210,302,212,156,220,158,158,167,155,159,156
U70321_at,22,20,31,55,75,22,20,88,30,57,25,102,67,56,24,46,97,92,72,73,98,61,68,57,105,134,48,83,38,113,82,74,72,119,73,77,96,62,80,117,127,120,127,135,134,118,107,96,134,87,79,108,121,70,86,100,23,51,35,191,35,85,84,63,71,123,64,67,99
D89667_at,478,366,248,287,205,251,289,74,154,78,60,95,131,48,191,39,157,172,108,83,135,97,846,732,20,172,225,58,149,117,1011,83,239,106,329,428,241,71,228,69,68,35,89,94,100,73,168,98,147,287,245,294,239,358,240,318,288,353,242,271,307,262,339,227,242,201,268,261,256
D13631_s_at,21,54,20,31,20,20,20,20,20,20,20,20,20,20,20,20,34,20,20,20,28,20,20,20,20,20,20,20,20,20,36,20,20,20,20,20,20,20,20,36,98,40,99,63,44,84,194,20,20,20,20,20,20,20,33,62,23,27,26,24,114,141,89,329,365,331,396,314,293
M93426_at,20,81,85,40,205,71,97,20,22,28,40,25,84,35,30,20,20,22,76,46,226,22,45,42,105,166,43,25,114,20,88,49,23,20,122,20,20,87,72,769,425,331,569,784,315,355,224,508,20,20,45,20,20,280,303,165,104,165,296,20,269,228,473,1035,872,874,997,1069,896
M27691_at,141,243,236,236,230,290,208,77,45,88,55,63,66,80,80,151,130,190,197,21,158,97,68,20,157,171,20,94,134,123,145,74,25,133,121,195,135,160,84,20,20,72,20,60,20,20,69,20,57,72,20,31,22,100,126,192,120,126,146,137,121,103,127,159,143,137,139,123,132
Z48950_at,714,952,1363,1068,1467,1536,1214,654,1346,468,667,1018,829,1242,477,672,915,858,1469,993,1819,1174,1290,1490,2127,1310,505,675,2181,810,2155,1888,1115,730,1253,1170,832,2168,1597,1130,561,478,711,701,465,705,260,349,434,392,386,387,421,626,977,843,458,481,697,615,650,1049,518,998,723,596,880,1007,878
U51336_at,492,419,238,268,214,200,252,228,199,277,173,240,254,207,207,302,462,446,262,216,296,192,199,79,143,169,275,212,152,124,84,167,331,168,254,329,238,156,106,216,150,759,167,249,239,367,148,107,96,96,146,184,147,433,160,145,139,170,411,322,248,281,237,626,678,593,590,630,668
L15409_at,190,179,183,170,176,206,176,342,274,318,294,350,305,337,236,283,212,181,210,295,272,360,2035,1826,94,245,311,250,244,265,2562,125,293,260,266,244,303,370,292,316,284,267,285,280,293,274,180,169,185,197,191,143,147,164,141,157,135,139,144,136,160,118,116,165,126,151,166,187,120
U66879_at,83,20,51,98,46,30,20,20,20,20,20,20,20,20,85,20,20,20,20,20,20,20,20,260,20,32,20,20,20,20,20,20,20,20,20,20,20,20,20,20,20,350,20,20,20,20,25,20,20,20,20,87,66,71,129,151,97,98,123,90,135,111,97,20,47,22,52,20,48
M57464_s_at,293,192,73,111,32,38,52,161,108,315,331,57,131,123,231,277,176,186,119,188,67,99,73,25,22,77,690,287,96,130,26,20,308,268,262,210,175,41,206,121,128,78,165,68,109,84,257,281,307,303,283,292,265,94,20,63,102,126,119,62,119,55,88,88,62,66,83,75,65
X95826_at,70,66,58,43,45,44,60,75,64,119,114,57,92,76,58,94,78,71,86,61,52,79,71,74,66,69,118,97,73,93,57,56,73,133,105,82,79,75,93,74,114,77,86,99,99,112,88,83,110,102,82,79,85,62,38,37,52,45,61,60,51,38,38,41,36,42,38,48,40
D42041_at,178,103,182,249,200,191,128,118,104,116,76,94,90,132,195,165,198,170,200,99,113,90,72,105,94,257,66,205,108,273,84,115,221,113,197,148,277,137,162,110,156,113,169,145,84,100,329,323,339,347,436,376,314,221,219,246,251,263,303,221,147,274,222,215,221,209,173,163,187
